{
  "version": 1,
  "conferences": {
    "HRI:2026": {
      "source": "HRI",
      "year": 2026,
      "publication_scope": "main_conference",
      "check_count": 1,
      "new_record_count": 152,
      "removed_record_count": 0,
      "record_keys": [
        "doi:10.1145/3757279",
        "doi:10.1145/3757279.3785540",
        "doi:10.1145/3757279.3785541",
        "doi:10.1145/3757279.3785542",
        "doi:10.1145/3757279.3785543",
        "doi:10.1145/3757279.3785544",
        "doi:10.1145/3757279.3785545",
        "doi:10.1145/3757279.3785546",
        "doi:10.1145/3757279.3785547",
        "doi:10.1145/3757279.3785548",
        "doi:10.1145/3757279.3785549",
        "doi:10.1145/3757279.3785550",
        "doi:10.1145/3757279.3785551",
        "doi:10.1145/3757279.3785552",
        "doi:10.1145/3757279.3785553",
        "doi:10.1145/3757279.3785554",
        "doi:10.1145/3757279.3785555",
        "doi:10.1145/3757279.3785556",
        "doi:10.1145/3757279.3785557",
        "doi:10.1145/3757279.3785558",
        "doi:10.1145/3757279.3785559",
        "doi:10.1145/3757279.3785560",
        "doi:10.1145/3757279.3785561",
        "doi:10.1145/3757279.3785562",
        "doi:10.1145/3757279.3785563",
        "doi:10.1145/3757279.3785564",
        "doi:10.1145/3757279.3785565",
        "doi:10.1145/3757279.3785566",
        "doi:10.1145/3757279.3785567",
        "doi:10.1145/3757279.3785568",
        "doi:10.1145/3757279.3785569",
        "doi:10.1145/3757279.3785570",
        "doi:10.1145/3757279.3785571",
        "doi:10.1145/3757279.3785572",
        "doi:10.1145/3757279.3785573",
        "doi:10.1145/3757279.3785574",
        "doi:10.1145/3757279.3785575",
        "doi:10.1145/3757279.3785576",
        "doi:10.1145/3757279.3785577",
        "doi:10.1145/3757279.3785578",
        "doi:10.1145/3757279.3785579",
        "doi:10.1145/3757279.3785580",
        "doi:10.1145/3757279.3785581",
        "doi:10.1145/3757279.3785582",
        "doi:10.1145/3757279.3785583",
        "doi:10.1145/3757279.3785584",
        "doi:10.1145/3757279.3785585",
        "doi:10.1145/3757279.3785586",
        "doi:10.1145/3757279.3785587",
        "doi:10.1145/3757279.3785588",
        "doi:10.1145/3757279.3785589",
        "doi:10.1145/3757279.3785590",
        "doi:10.1145/3757279.3785591",
        "doi:10.1145/3757279.3785592",
        "doi:10.1145/3757279.3785593",
        "doi:10.1145/3757279.3785594",
        "doi:10.1145/3757279.3785595",
        "doi:10.1145/3757279.3785596",
        "doi:10.1145/3757279.3785597",
        "doi:10.1145/3757279.3785598",
        "doi:10.1145/3757279.3785599",
        "doi:10.1145/3757279.3785600",
        "doi:10.1145/3757279.3785601",
        "doi:10.1145/3757279.3785602",
        "doi:10.1145/3757279.3785603",
        "doi:10.1145/3757279.3785604",
        "doi:10.1145/3757279.3785605",
        "doi:10.1145/3757279.3785606",
        "doi:10.1145/3757279.3785607",
        "doi:10.1145/3757279.3785608",
        "doi:10.1145/3757279.3785609",
        "doi:10.1145/3757279.3785610",
        "doi:10.1145/3757279.3785611",
        "doi:10.1145/3757279.3785612",
        "doi:10.1145/3757279.3785613",
        "doi:10.1145/3757279.3785614",
        "doi:10.1145/3757279.3785615",
        "doi:10.1145/3757279.3785616",
        "doi:10.1145/3757279.3785617",
        "doi:10.1145/3757279.3785618",
        "doi:10.1145/3757279.3785619",
        "doi:10.1145/3757279.3785620",
        "doi:10.1145/3757279.3785621",
        "doi:10.1145/3757279.3785622",
        "doi:10.1145/3757279.3785623",
        "doi:10.1145/3757279.3785624",
        "doi:10.1145/3757279.3785625",
        "doi:10.1145/3757279.3785626",
        "doi:10.1145/3757279.3785627",
        "doi:10.1145/3757279.3785628",
        "doi:10.1145/3757279.3785629",
        "doi:10.1145/3757279.3785630",
        "doi:10.1145/3757279.3785631",
        "doi:10.1145/3757279.3785632",
        "doi:10.1145/3757279.3785633",
        "doi:10.1145/3757279.3785634",
        "doi:10.1145/3757279.3785635",
        "doi:10.1145/3757279.3785636",
        "doi:10.1145/3757279.3785637",
        "doi:10.1145/3757279.3785638",
        "doi:10.1145/3757279.3785639",
        "doi:10.1145/3757279.3785640",
        "doi:10.1145/3757279.3785641",
        "doi:10.1145/3757279.3785642",
        "doi:10.1145/3757279.3785644",
        "doi:10.1145/3757279.3785645",
        "doi:10.1145/3757279.3785646",
        "doi:10.1145/3757279.3785647",
        "doi:10.1145/3757279.3785648",
        "doi:10.1145/3757279.3788653",
        "doi:10.1145/3757279.3788654",
        "doi:10.1145/3757279.3788655",
        "doi:10.1145/3757279.3788656",
        "doi:10.1145/3757279.3788657",
        "doi:10.1145/3757279.3788658",
        "doi:10.1145/3757279.3788659",
        "doi:10.1145/3757279.3788660",
        "doi:10.1145/3757279.3788661",
        "doi:10.1145/3757279.3788662",
        "doi:10.1145/3757279.3788663",
        "doi:10.1145/3757279.3788664",
        "doi:10.1145/3757279.3788665",
        "doi:10.1145/3757279.3788666",
        "doi:10.1145/3757279.3788667",
        "doi:10.1145/3757279.3788668",
        "doi:10.1145/3757279.3788669",
        "doi:10.1145/3757279.3788670",
        "doi:10.1145/3757279.3788671",
        "doi:10.1145/3757279.3788799",
        "doi:10.1145/3757279.3788800",
        "doi:10.1145/3757279.3788801",
        "doi:10.1145/3757279.3788802",
        "doi:10.1145/3757279.3788803",
        "doi:10.1145/3757279.3788804",
        "doi:10.1145/3757279.3788805",
        "doi:10.1145/3757279.3788806",
        "doi:10.1145/3757279.3788807",
        "doi:10.1145/3757279.3788808",
        "doi:10.1145/3757279.3788809",
        "doi:10.1145/3757279.3788810",
        "doi:10.1145/3757279.3788811",
        "doi:10.1145/3757279.3788812",
        "doi:10.1145/3757279.3788813",
        "doi:10.1145/3757279.3788814",
        "doi:10.1145/3757279.3788815",
        "doi:10.1145/3757279.3788816",
        "doi:10.1145/3757279.3788817",
        "doi:10.1145/3757279.3788818",
        "doi:10.1145/3757279.3788819",
        "doi:10.1145/3757279.3788820",
        "doi:10.1145/3757279.3788821",
        "doi:10.1145/3757279.3788822"
      ],
      "status": "active",
      "last_checked_at": "2026-07-19T14:00:09.983381+00:00"
    }
  }
}
